,9033196,0
21821,JayJaymill,803
21822,m0mma_dee,803
21823,selfharm_01,803
21824,BleedingAnaGirl,804
21825,eyestillbrave,804
21826,JKM10700,804
21827,lostinpxradise,804
21828,SagacityHR,804
21829,BriannaCox94,805
21830,cutting_bulimic,805
21831,DarklandPoetry,805
21832,Katie_CubeFan,805
21833,TheRiddler999,805
21834,Autumnfinney3,806
21835,dying0depressed,806
21836,hopkinshypno,806
21837,lottsvill,806
21838,magentaboy06,806
21839,YoureASurvivor,806
21840,Boybands111,807
21841,CarlaPereira06,807
21842,EpicWarriorsOrg,807
21843,fake_a_sm1le,807
21844,lxnelyfxrever,807
21845,MemeToTheXtreme,807
21846,pussyork,807
21847,S0worthless,807
21848,thepainbeneath,807
21849,WeCanBreakThru,807
21850,_darling_please,808
21851,blondee911,808
21852,BrainBodyDallas,808
21853,Fallen_Angels16,808
21854,itsme_cutting,808
21855,juewleee,808
21856,trevharley,808
21857,_5av3_m3,809
21858,amazgraceadvoca,809
21859,butreedus,809
21860,caethoughts,809
21861,Cerise_JINXX,809
21862,HealthJourneys,809
21863,N3verg0od3nough,809
21864,AlexLovelady,810
21865,AnotherFatPigX,810
21866,Any99Lovatic,810
21867,Imadescars,810
21868,joiedemourrir,810
21869,Anamia_struggle,811
21870,DarkParadise019,811
21871,EmptyDesires,811
21872,fuelforfreedom,811
21873,helplessfriend,811
21874,joemilicia,811
21875,maddy_case21,811
21876,r_rozu,811
21877,viickyANNE,811
21878,whyfighttolive,811
21879,_arbitrage310,812
21880,AmyCame383,812
21881,BehaviorChange_,812
21882,Charl_M1,812
21883,emsc83,812
21884,fatmah09798234,812
21885,TheAnxiousLifee,812
21886,yantiel_urqueta,812
21887,YvonneMadden_,812
21888,_CheyenneArnold,813
21889,ClareWhitby,813
21890,LanaDowley,813
21891,RachelReneeGou2,813
21892,rndspoons,813
21893,theseSplitEnds,813
21894,Tryfirdaa,813
21895,_feelalone,814
21896,1BeyondBroken1,814
21897,larrypityparty,814
21898,RiverMisery,814
21899,TheTweetingEmo_,814
21900,dr456798,815
21901,dxys0,815
21902,Harryxx_Styles_,815
21903,KlaraWalentkiew,815
21904,Legitcurrency,815
21905,mindmiester,815
21906,TheresaHarries,815
21907,xcomaxwhitex,815
21908,eWolfyy,816
21909,Little_Brat14,816
21910,MyRealLife2013,816
21911,NayadeGrey,816
21912,piontlessshit45,816
21913,idreamtonight,817
21914,lonleysadlife,817
21915,LottieGrigorkin,817
21916,numquamdedo,817
21917,OverlandOz,817
21918,pain_in_blood,817
21919,perfectxox,817
21920,___deprxssion,818
21921,IthacaCrisis,818
21922,ZiaBoswall,818
21923,Leadem,819
21924,Pauline960,819
21925,XBlack__SpiderX,819
21926,theanxietywell,820
21927,walktheh0rr0r,820
21928,ddlovato196890,821
21929,Hanbleceya_USA,821
21930,IfKnew,821
21931,Qirrat1234,821
21932,RikkieSterner12,821
21933,all_aboutGodd0,822
21934,BCSSVICTORIA,822
21935,blebxr_,822
21936,DBSAGC,822
21937,DontGiveUp315,822
21938,GuillotineMort,822
21939,LittleAna595,822
21940,ljohoo,822
21941,RossCenterDCNY,822
21942,rozanneloy,822
21943,FionnaGLG,823
21944,JuliStillsville,823
21945,WelshFizz,823
21946,afraid31813,824
21947,carpenturntt,824
21948,drsarahspeaks,824
21949,ElaineCorona,824
21950,lifeact_neohio,824
21951,lifeofawhale,824
21952,MagicBread1999,824
21953,NGFoundationPH,824
21954,Xcedentesiast,824
21955,222_svd,825
21956,AmantedellaGino,825
21957,bf5214,825
21958,BreakTTStatic,825
21959,lilblackrock,825
21960,mazerryan,825
21961,Seeme_bones,825
21962,stopbeingamess,825
21963,summer_slutxoxo,825
21964,YellowRibbon1,825
21965,HeadsUpGuys,826
21966,suicidalasfuck_,826
21967,teapot_claire,826
21968,unityrun911,826
21969,afspsfchapter,827
21970,anteyal11,827
21971,bipolarfacts,827
21972,Brokxn_,827
21973,CBetebenner,827
21974,Darkparaxise,827
21975,MohammedCartoon,827
21976,nigellacokey,827
21977,xniallerloverxx,827
21978,ABC_Charity,828
21979,flesh_andb0nes,828
21980,HxppilyBroken,828
21981,ithinkofdeath,828
21982,recoveredgirl_,828
21983,beautyrecovery,829
21984,bladebloodscar,829
21985,JerseyBrooke,829
21986,Next_Big_Thingg,829
21987,sucidalselfharm,829
21988,anxfighter,830
21989,BrainPhysics1,830
21990,NahidIshtiaque,830
21991,SADbulimic,830
21992,Dying2BePretty,831
21993,lturpin42,831
21994,MelancholyLolly,831
21995,SunUpMochidi,831
21996,aglom2,832
21997,AnnaMKnights,832
21998,tails_doll_1997,832
21999,warwithinme,832
22000,wegottosurvive,832
22001,dear_diary_97,833
22002,idk_rch,833
22003,pansgrrl,833
22004,Erikas_LH,834
22005,heal___me,834
22006,LovEHurtZ108,834
22007,ObeseDepressing,834
22008,A_Nightingale__,835
22009,MonkeyWaller95,835
22010,ridtheblackdog,835
22011,saadgurl15,835
22012,SelfHarm_addict,835
22013,XxCutterxX1,835
22014,cutmeDEEP_,836
22015,dyingtobethin10,836
22016,eatmyshorts_23,836
22017,gonemadbacksoon,836
22018,HemoIndy,836
22019,MDirectioner_69,836
22020,Walsh1Sophie,836
22021,MintheLove,837
22022,TFIOSMonica,837
22023,embitteredx,838
22024,Emotional_Mess_,838
22025,Fallingtonowher,838
22026,Sammy_Sega,838
22027,ClxseToTheEnd,839
22028,innocentphan,839
22029,nutrifit_ga,840
22030,TrojanvR,840
22031,xModelThin,840
22032,demuredaisies,841
22033,lethulmt,841
22034,suicidal_girl_d,841
22035,sunnydaycrash,841
22036,theparkbenchnb,841
22037,Keepsmiling1487,842
22038,A_Depressed_Guy,843
22039,anxietydep13,843
22040,Bones_and_scars,843
22041,peeaachees,843
22042,zainsxbae,843
22043,Bunny_inked,844
22044,DrTanyaHilber,844
22045,fadingheartbeat,844
22046,Lost_Mother,844
22047,musicfreak543,844
22048,SafranBunk,844
22049,WorthlessGuy_,844
22050,DancingWithScar,845
22051,DuvalBecca,845
22052,lifelinejhb,845
22053,mentaly_fucked,845
22054,nahneymar,845
22055,niamsantinha,845
22056,pluv1ophile,845
22057,SarahDReesCBT,845
22058,hopeandfaith155,846
22059,SavyMae7,846
22060,_losingit,847
22061,BridwellWalker,847
22062,bvckcoco,847
22063,deadbefordeath,847
22064,DrAmyChandler,847
22065,Igiveup_,847
22066,ladispukedd,847
22067,sadalways45,847
22068,still_bleeding_,847
22069,dad_depressed,848
22070,deardiary_anon,848
22071,firstdateprblms,848
22072,GodessOfLove16,848
22073,Nicikeeee,848
22074,YulingYeo,848
22075,DanStone11,849
22076,Fatass_teen,849
22077,fedorableirwin9,849
22078,Safe_Harbor_,849
22079,sufferingalonee,849
22080,suicidehelp5,849
22081,WWC_Freedom,849
22082,xsuicidalpainx,849
22083,bonesanddeath,850
22084,Dyingforeverx,850
22085,NickiTheDino,850
22086,When_dead,850
22087,funnyman1050,851
22088,cxttingwrists,852
22089,disorderly_x,852
22090,lovingscars,852
22091,MagicalSmoke_,852
22092,OSAKY2,852
22093,anxietyguru,853
22094,fightdepression,853
22095,sguzman6,853
22096,swivit4,853
22097,bambibxby,854
22098,DontYouLetGo,854
22099,flawless_troian,854
22100,kimthecounselor,854
22101,lenasissi,854
22102,psycoticlove,854
22103,RinaZarkai,854
22104,Tosuicidial,854
22105,_Ana_Deb_Cat_,855
22106,Couples_ReTweet,855
22107,DaFiamme,855
22108,ArapahoeHouse,856
22109,BipolarPotatos,856
22110,i_am_anas_bitch,856
22111,LoraineHalton,856
22112,rjwaterman,856
22113,venting_anon_,856
22114,Born_Error,857
22115,FreeAndAboveSCa,857
22116,VerifiedWreck,857
22117,5SOS_PTV,858
22118,AnasSkinnySlave,858
22119,dickhassanFUT15,858
22120,Eating_Issue,858
22121,NoMoreDramaLDN,858
22122,sws_ptv21,858
22123,br0kenteenwbu,859
22124,heatherlemarre,859
22125,kayyyyyybeeeeee,859
22126,PBSubnormal,859
22127,Scarsonmyskinn,859
22128,underthesames_n,859
22129,BrowningSkylar,860
22130,DepressiveStrip,860
22131,HopeKayMSPsy11,860
22132,im_no_one27,860
22133,Killingmybody,860
22134,dermatillomania,861
22135,WittyNutrition,861
22136,BalancedSac,862
22137,CristyBrown78,862
22138,FantasticFour25,862
22139,FOREVESILENCE,862
22140,taintedwindow,862
22141,TomPhatBuds,862
22142,DagnyVasilyev,863
22143,Hopelesslife_,863
22144,Thisisme3696,863
22145,CuttingAwayPain,864
22146,Imadreamer333,864
22147,QueenAngelx,864
22148,Bagudo89,865
22149,ContingencyS,865
22150,DarcyCorbitt,865
22151,Greg3liazar,865
22152,homoromantics,865
22153,skinnysnightmar,865
22154,95lostlove,866
22155,beperfection89,866
22156,blunose40,866
22157,helpmeiamcrazy,866
22158,joannawinterss_,866
22159,JoLecky,866
22160,Kawilcock,866
22161,KROspils,866
22162,radburritox,866
22163,sad0scarred,866
22164,SAVEvoicesofedu,866
22165,Ayona_01,867
22166,nexttoniall,867
22167,GriefPost,868
22168,hayleyvincent22,868
22169,HelpingYouStay,868
22170,KatieMccreaddie,868
22171,5sosismyotp,869
22172,Foylerescue,869
22173,literally_dead,869
22174,MakinseyFaith,869
22175,mewmew987,869
22176,NoorinMalik,869
22177,NoReallyImOkay,869
22178,SuicidLife,869
22179,SusanaBlomqvist,869
22180,amothersxoxo,870
22181,happsoulapparel,870
22182,imagirlwhocuts,870
22183,mikeysxx,870
22184,rgrimason,870
22185,sabrinastott,870
22186,sup3rfans,870
22187,TBoneDead,870
22188,BipolarRunner77,871
22189,BrittanyPitts7,871
22190,CravingCuts,871
22191,ErlanggaPrawira,871
22192,KemahPalms,871
22193,Kennedi_Eve,871
22194,ngantran,871
22195,Rief1899,871
22196,__worthlesss,872
22197,_smile_a_lot_,872
22198,DropDeadDiva24,872
22199,ElfieMaffii,872
22200,YesYoureLoved,872
22201,HiveCounselling,873
22202,lorirogers4687,873
22203,Motiv8Hamster,873
22204,phoebs_diverse,873
22205,sadd4life,873
22206,ShatteredScars,873
22207,TiredAndAlone_,873
22208,ArtimysTech,874
22209,Depression_Away,874
22210,dyintobeskinny_,874
22211,georgiarecover,874
22212,hurtsthesame_,874
22213,Kissing__Razors,874
22214,MitziCumings,875
22215,whxteloving,875
22216,worthlessSHgirl,875
22217,PatDiehl1,876
22218,relax_relapsee,876
22219,ToDieByHisSide,876
22220,WaitForMonsters,876
22221,YusselPasos,876
22222,Cutting_in_me,877
22223,insaneloserr,877
22224,MyBrokenBattle,877
22225,bandepression,878
22226,boysdontlikemee,878
22227,hlybby,878
22228,mudassar_hon,878
22229,Pvwolfbooks2014,878
22230,TeenSuicide14,878
22231,AnaMiasChild,879
22232,becpoulson,879
22233,Demon_Butler_18,879
22234,MinnieSkinni,879
22235,projecthealvan,879
22236,tildxlambxrt,879
22237,CochraneBack,880
22238,scumbvgg,880
22239,SweetinthSticks,880
22240,1_Itsjustme_1,881
22241,Cakegirl_7,881
22242,CynthiaMcGean,881
22243,Haleygbug21,881
22244,AnonXcesS,882
22245,badlittlelady,882
22246,bulimicbitchxo,882
22247,floatingonthin,882
22248,missextreme2012,882
22249,ReliefOfABlade,882
22250,talkforchange,882
22251,h4rrystylesx,883
22252,hunger_pains_,883
22253,ItsJustJasmin_x,883
22254,leeroymyhero,883
22255,LennaQuartermai,883
22256,LeticiaZhang,883
22257,letmebefreeeee,883
22258,Matahati_Kita,883
22259,sadthoughts00,883
22260,DiagnostedTeen,884
22261,laughterwell,884
22262,UselessSadBoy,884
22263,xxFakeSmilexx_,884
22264,2MyFutrHusband,885
22265,craigjbryan,885
22266,mentallost,885
22267,annas_new,886
22268,BeginNowNLP,886
22269,Brandt_ReedMFT,886
22270,CrookedYoung07,886
22271,EscapeWithMia,886
22272,GCounselling,886
22273,JorrieAlarco,886
22274,LoveForeverly,886
22275,MuMoody,886
22276,AzPs3azwatts,887
22277,wakemeuppls,887
22278,wilted_angel,887
22279,chelseapayneaf,888
22280,amysantiagox,889
22281,dahliadarling31,889
22282,lovethecuts,889
22283,panicstopped,889
22284,purged_,889
22285,realornotreal3,890
22286,scarletraven13,890
22287,why_live_why,890
22288,anxietyinsights,891
22289,johnbrown7,891
22290,PleaseStayForMe,891
22291,HeartOverBrains,892
22292,TGirlProbs,892
22293,_ANNA_stasia,893
22294,AvellanosaJay,893
22295,Emily_Storm1207,893
22296,JEatDisord,893
22297,muzzymcgee,893
22298,unsxvable,893
22299,A_B_L_E_Seattle,894
22300,Ilovemyidols_15,894
22301,loveftmikey,894
22302,Scott1Griffiths,894
22303,self_harm_freak,894
22304,ArkCrisisCenter,895
22305,NoMore_Struggle,895
22306,WeAlwaysCare,895
22307,corinne_MHN,896
22308,cutpaperhearts,896
22309,imbrokengirl8,896
22310,Janoskiann_jai_,897
22311,chrjstoferdrew,898
22312,Dmultaryk9,898
22313,Kalipa19,898
22314,Neuroexperts,898
22315,Slaveetoana,898
22316,Worthlesssoul98,898
22317,FeelingSadLost,899
22318,hellolifeblog,899
22319,JacktravisKing,899
22320,laursennn,899
22321,LifeOfCici,899
22322,Riseofthesadden,899
22323,wendymurrey,899
22324,aimsterkidd,900
22325,TamlaTimTweets,900
22326,veryhappynow,900
22327,breisaninja,901
22328,d3solated,901
22329,HereIfUNeedMe,901
22330,JoanneHills1,901
22331,SaimanXoXo,901
22332,Alone_with_dark,902
22333,it_was_the_catx,902
22334,Lines_for_Life,902
22335,MarioBabicOkic,902
22336,amynicho15,903
22337,kaychxcago,903
22338,MSRC_CoreB,903
22339,xaddyxtuff,903
22340,alcoholicinneed,904
22341,BlondieCalling,904
22342,FightAnaMia,904
22343,KateBalcombe,904
22344,loobyloumayer,904
22345,onthegurney,904
22346,pattypattytank2,904
22347,reposeyogaTO,904
22348,RuthlessShane,904
22349,ScarletAngel002,904
22350,steadymark,904
22351,Ash_Teasdale,905
22352,formerskinnycow,905
22353,Just_alone__,905
22354,kendalprivette,905
22355,Mustseebones,905
22356,MyHeadIsUnhappy,905
22357,dropdeadrabik,906
22358,LandOfGathering,906
22359,positivitydonut,906
22360,Poynter_Lau,906
22361,theroompsy,906
22362,dead_girl_4life,907
22363,vickkkiii_,907
22364,anaforlife1997,908
22365,BluntBarrelRace,908
22366,KylaFoxCentre,908
22367,menosumquilo,908
22368,Sexy_Triangle,908
22369,vivrequepoureux,908
22370,nooneimprotant,909
22371,willbaumlcsw,909
22372,willing2witu,909
22373,aliciabernal296,910
22374,EmEddis,910
22375,goodfellow84,910
22376,jen_galvin,910
22377,mindfulemployuk,910
22378,thewidowbarron,910
22379,_scarsoverscars,911
22380,collettedavies,911
22381,dulcrmsj,911
22382,flipflopfridays,911
22383,girlwithscars12,911
22384,LittleJumper07,911
22385,Silver_Thedemon,911
22386,Twdfans10,911
22387,_im_done,912
22388,genanxious,912
22389,LockedInMyBrain,912
22390,Megi_Pegi,912
22391,nxverland__,912
22392,FaFailing,913
22393,BigalRoper,914
22394,TranquilityLabs,914
22395,_flyingawxy,915
22396,loneIiest,915
22397,opalfoodandbody,915
22398,pleasetakeme5,915
22399,Thelovingdead12,915
22400,asecretkept,916
22401,BrummyGirl1,916
22402,driveforperfect,916
22403,LendAnEarSavers,916
22404,imyourdxddy,917
22405,anon_t123,918
22406,confettigardens,918
22407,Darkertimes_,918
22408,knives4clovey,918
22409,narrysxdimples,918
22410,TheQuietGurL,918
22411,IAmMeYouA_zhole,919
22412,pizzaislifebruh,919
22413,anasaveme123,920
22414,EqualAccess4All,920
22415,HarmYourHeart,920
22416,Silentlycut,920
22417,DammitRayWtf,921
22418,ManyMinds1Body,921
22419,urge_to_purge,921
22420,worrywatchapp,921
22421,alexisnicoleov1,922
22422,anacutter1,922
22423,CarleyTWDG,922
22424,DavidHardingHC,922
22425,waitin4skinny,922
22426,ahsfxcts,923
22427,aidyourstruggle,923
22428,Fighter_568,923
22429,peircethekellin,923
22430,PUPs_Help,923
22431,DepressedMind_4,924
22432,dyingfree,924
22433,LamonicaPeat,924
22434,midtowntms,924
22435,myveilisblack,924
22436,niereaalne,924
22437,UselssExistence,924
22438,basicchix,925
22439,girl_selfharmer,925
22440,Martink11374,925
22441,_9DontGiveUp1_,926
22442,Amandas5453,926
22443,emolezzlove,926
22444,depressedhuney,927
22445,ednos_bitch,927
22446,gucluberil,927
22447,pechueliar,927
22448,_SassyJew,928
22449,19plus7,928
22450,thebuckeyeranch,928
22451,unloved_heart,928
22452,DemiLovatoDidIt,929
22453,evestarr412,929
22454,nutview,929
22455,FaithVit,930
22456,forgetmenotziam,930
22457,M_Ramdin,930
22458,silence_okay123,930
22459,StaciHixon,930
22460,acidrainbowx,931
22461,brinleyxgdr,931
22462,janemhutton,931
22463,rachelcook376,931
22464,tsukinagass,931
22465,AlanEzagui,932
22466,DepressionARQ,932
22467,hatty_lol,932
22468,NancyRo53806228,932
22469,OurLoveCanHeal,932
22470,PopeTerry,932
22471,anxietycoachNH,933
22472,dreamsskinny82,933
22473,fangirlixious,933
22474,sassydiva94,933
22475,CTDMHAS,934
22476,kindagreys,934
22477,krobstenfuck,934
22478,SeedsofmyFaith,934
22479,CorbinSwed,935
22480,ed_depression,935
22481,gabyparralcsw,935
22482,mallorybecker_,935
22483,ManicGrant,935
22484,ZapDepression,935
22485,calvin_wills_jr,936
22486,hardlyalive_,936
22487,shelbycurtis99,936
22488,clbbb_ltd,937
22489,ikidrauhlips,937
22490,courtney102812,938
22491,NSRFIreland,938
22492,ppdsupportchs,938
22493,thequietgirl15,938
22494,Want2Be_Fit,938
22495,BvbLost,939
22496,jaiswifeyy,939
22497,authorcallie,940
22498,BeUnbroken121,940
22499,No_More_Scars,940
22500,Stop2UrSelfHate,940
22501,YourQueenTFB,940
22502,allyschips,941
22503,DrGinaMarchando,941
22504,Skinny_Penny,941
22505,13_ashe,942
22506,koptala,942
22507,mamacitavojce,942
22508,mouse_penguin,942
22509,shannonneylon3,942
22510,YouPartTwo,942
22511,brandondockham1,943
22512,Heyitjazzy,943
22513,Invisible021328,943
22514,KeelCoaching,943
22515,amtexter,944
22516,IINMSP,944
22517,lol_suicidal,944
22518,pxcketfullaplls,944
22519,RileeAshlyn,944
22520,want2Bskinny1,944
22521,xxsuicidal13xx,944
22522,hereforyou365,945
22523,Masego_Cece,945
22524,SuicideBabe,945
22525,donnalittlewood,946
22526,fxkingdexd,946
22527,Nemos_Dead,946
22528,NikiDoesTherapy,946
22529,suicidal_girl,946
22530,walkingdeadxoxo,946
22531,5SOSFAMBandz,947
22532,lauren_guest1,947
22533,noxfkxway,947
22534,QSexLab,947
22535,Secretsofaloner,947
22536,suicidxworld,947
22537,DianneMillen,948
22538,edin_chooselife,948
22539,JanIvarRossberg,948
22540,_MissHungary_,949
22541,hakunahood,949
22542,LondonMoods,949
22543,caged_lover,950
22544,ElainaJBipolar,950
22545,eva_libert,950
22546,WIHemophilia,950
22547,2121obi,951
22548,dolphinboynz,951
22549,left_broken,951
22550,suicidespirit,951
22551,Bellaswonderlan,952
22552,ChristianComax,952
22553,renaldobernard,952
22554,YanelliMorales,952
22555,_ImFallingAPart,953
22556,B_LeadGuitarist,953
22557,IanWellbeing,953
22558,ines_maxie,953
22559,MegMarie_79,953
22560,say_no_to_fat,954
22561,TheDarkTumblr,954
22562,Ihateselfharm,955
22563,osionnoch,955
22564,rayrayturtles,955
22565,seekingskinny__,955
22566,ToBeThinToFly,955
22567,_fightingstrong,956
22568,cutting_slicing,956
22569,MadisonOSull,956
22570,MakeStrongMinds,956
22571,Prishfish,956
22572,AbraIvashechkin,957
22573,Ana_LoveAffair,957
22574,DelRayPsych,957
22575,HelmsMiddle,957
22576,IndiePopTweet,957
22577,Negativemood,957
22578,sashanna4917wgd,957
22579,jwhitesidesxxx_,958
22580,KrewellaKitty,958
22581,Narc_Survival,958
22582,SelfHarms_Dollx,958
22583,UlrikaumekoMalt,958
22584,damnitzandra,959
22585,foreverdelicate,959
22586,HiLoJoe_Film,959
22587,JessalynSambour,959
22588,mariacarmstrong,959
22589,MySecretStoryx,959
22590,NatalieVictor13,959
22591,TealBell,959
22592,_mevseveryone,960
22593,_wondering_soul,960
22594,Ablaze_for_Life,960
22595,KrytterBee3,960
22596,madsxpayno,960
22597,benainsworth,961
22598,D3PRESSION_,961
22599,justnguyening3,961
22600,WellbeingNandW,961
22601,c4a1e78538e94d9,962
22602,HowitFeelsBook,962
22603,izzy_beth23,962
22604,kartiniclinic,962
22605,astroniallmic,963
22606,aubs_mccolley,963
22607,fialiisa,963
22608,KathiDeadAngel,963
22609,MSWchildfamily,963
22610,radasy0urdad,963
22611,AutismMaven,964
22612,depressedxsadxL,964
22613,hahasonofadick,964
22614,JadeOliviaGilmo,964
22615,veevahappiness,964
22616,ANOREXlANERVOSA,965
22617,Esmayus,965
22618,grizbizzle,965
22619,angeliclostsoul,966
22620,crisis_crazy,966
22621,ferozamehta,966
22622,jamiie_w,966
22623,perfectifskinny,966
22624,ariana_app,967
22625,ElloraJudd,967
22626,EmoAtmosphere,967
22627,YellowIs4Hello,967
22628,depressed_chicc,968
22629,LLAotearoa,968
22630,Lone_Soldier1,968
22631,Thrutheashes,968
22632,Empty_fattie,969
22633,hungerrunner,969
22634,Preachhdemetria,969
22635,rainbowiva,969
22636,TotalShitStorm_,969
22637,Ana_Lives_On,970
22638,bella_yay,970
22639,SavannahMarie54,970
22640,simplyosman,970
22641,WaltzingCthulhu,970
22642,heyabigailgals,971
22643,hxlpsuicide,971
22644,janodeefizzy,971
22645,LouDHilC,971
22646,Skinnyquest1,972
22647,Together_WeAre,972
22648,an0thercut,973
22649,ana_teen_,973
22650,archforautism,973
22651,EmotionallySick,973
22652,harryt0pic,973
22653,jacquietuck,973
22654,littlegirlbeatu,973
22655,ma2wc,973
22656,silxntfeelings,973
22657,___BeautifulLie,974
22658,alanasangels,974
22659,iseaturtles,974
22660,myselfandhealth,974
22661,whippie3675,974
22662,x_wannabethin_x,974
22663,have_mercyXx,975
22664,DessirayA,976
22665,DrMattWhited,976
22666,ebhthoughts,976
22667,JillianColeND,976
22668,lowlifeseries,976
22669,_xZaynIsVain_,977
22670,InnerGateAcu,977
22671,skinnydreamer_,977
22672,StudentMindsSU,977
22673,suicidalscarz,977
22674,loleta724,978
22675,_SimonRice,979
22676,Eriiiiiiicaa,979
22677,FinnTheHuman369,979
22678,5TARV3D,980
22679,MTVshit,980
22680,suicidalcutter9,980
22681,borderlineprobs,981
22682,cutdeepx,981
22683,cutesadness_,981
22684,deepressioon,981
22685,golujanamaris1,981
22686,izrhennabitchez,981
22687,josh22420,981
22688,KatieDhingra,981
22689,MLBforlife,981
22690,Myrtheexxx,981
22691,SDDivergent,981
22692,stillbeyouandme,981
22693,SUCKERWILK,981
22694,TVSeriesHD,981
22695,WheelerAudrie22,981
22696,938neverperfect,982
22697,brckenwanderer,982
22698,C_Reynolds91,982
22699,HaemophiliaScot,982
22700,heIIsangeI,982
22701,lforeverafter,982
22702,SelfHarmAndAna,982
22703,unlovable280,982
22704,BadGirlBlaze,983
22705,BradHarmelink,983
22706,FionaFox001,983
22707,lalaladielalala,983
22708,superminh345,983
22709,SupportMuted,983
22710,bilardbianca,985
22711,k8lyn420_666,985
22712,mshuskey1,985
22713,officalKatieOC,985
22714,ozhelp,985
22715,pinkducklings,985
22716,PsychMarwaha,985
22717,suicidalboyy,985
22718,Hayesarttherapy,986
22719,leveluplucas,986
22720,Mdl_fngr_bnr,986
22721,neurexpert,986
22722,PanicTips,986
22723,Zero_Hates,986
22724,_br0kens0ul_,987
22725,cuttingpainaway,987
22726,iDestroyedGirl,987
22727,Inspire_USA,987
22728,jennabayers,987
22729,LisaTeitel,987
22730,MadeleineLavell,987
22731,TheVoidConsumes,987
22732,BrookNichole369,988
22733,harmMybody,989
22734,TheODCentre,989
22735,Toxic_Tragedy,989
22736,0KBIce,990
22737,CHADS_Coalition,990
22738,MeowCatPokemon,990
22739,StephenLWhitele,990
22740,tragic_beauty8,990
22741,BaileyWalley,991
22742,MilesChambers1,991
22743,umber122,991
22744,ArleneLynn,992
22745,merveaktas143,992
22746,SASSYPAPrincess,992
22747,sky_jenkins2,992
22748,suicidalteen8,992
22749,Need2BBones,993
22750,savingsouls_,993
22751,StayStrong6789,993
22752,YURspecial,993
22753,fightforthin,994
22754,Myself_ana_mia,994
22755,_brokenveins,995
22756,IamSelfHarm,995
22757,mietty12,995
22758,shinyooxx,995
22759,survivinwarrior,995
22760,Adventurelourry,996
22761,cruz_lilou,996
22762,Cuts_scars1,996
22763,DieOrBeSkinny,996
22764,NatalieMaximoff,996
22765,emogirl3340,997
22766,jgrady99,997
22767,khilligas1998,997
22768,ldsanon,997
22769,marcosgabyg,997
22770,MiaSchiavox,997
22771,RoockSea,997
22772,seachel_riot,997
22773,ToldMySoul2Sing,997
22774,DyingDevill,998
22775,eokobi,998
22776,HorrorMan77,998
22777,latwiggs,998
22778,lylykh1,998
22779,mwf3master,998
22780,RiddhiMN,998
22781,death_happens07,999
22782,hlfburiedcorpse,999
22783,sargentrainbow,999
22784,SingaporeBipola,999
22785,tenzieee_,999
22786,AUinspired,1000
22787,mpatriciacooper,1000
22788,o2l_love89,1000
22789,tvddl0,1000
22790,miasmaingirl,1001
22791,morrill_david,1001
22792,niallhourn,1001
22793,nicodemontraps,1001
22794,NotGreatKate17,1001
22795,ThinspoSupport,1001
22796,AnthonyMohr2,1002
22797,ayessacerda1,1002
22798,DeadFuckUp,1002
22799,probingwith5sos,1002
22800,MadellaKingslan,1003
22801,ManamaCraven,1003
22802,PMOWYO,1003
22803,VictoryProgram,1004
22804,weirdmofo12354,1004
22805,calumories,1005
22806,durwinfoster,1005
22807,FNATCA,1005
22808,havetobeskinnyy,1005
22809,xxaanax,1005
22810,BeatDepression1,1006
22811,ColumbiaOCD,1006
22812,ERTglobal,1006
22813,pierce_the_vein,1006
22814,PTXplosion,1006
22815,stigmaartshow,1006
22816,the_mr_abood,1006
22817,__All_Alone,1007
22818,AnaRouds,1007
22819,be_moongoddess,1007
22820,DeBoschiero,1007
22821,Jammyd_83,1007
22822,PierceMy_Heart,1007
22823,funfairbonanza,1008
22824,Jooooooeeeeeee,1008
22825,NoelleKarle,1008
22826,ohwowlovelywaif,1008
22827,shanaynay_sc,1008
22828,TeganCotterill,1008
22829,wwwwwhy,1008
22830,_justafailure,1009
22831,FoodIsLove2Me,1009
22832,kaain_,1009
22833,CopingHoping,1010
22834,deathby_suicide,1010
22835,batgirl_ana,1011
22836,beingasurvivor,1011
22837,BleedingCuts420,1011
22838,Dr_Bloodstream,1011
22839,Grandma_Grey,1011
22840,ineedalighthous,1011
22841,mickeya3,1011
22842,tired_drained,1011
22843,HurtLonely,1012
22844,KOH_Ottawa,1012
22845,lifelyreality,1012
22846,Nursetees,1012
22847,swaymcvey,1012
22848,BabsSchnieder,1013
22849,lucasak36,1013
22850,rockyff2822,1013
22851,suicidal_love__,1013
22852,WeBleedOnline,1013
22853,Andrew_Marti,1014
22854,blueclxfford,1014
22855,StrongThinspo,1014
22856,dontforgetme52,1015
22857,HemoOntario,1015
22858,mathewleewant,1015
22859,_themindworks_,1016
22860,drugsandrazors,1016
22861,HoldOnTillMay7,1016
22862,MyRealSelf,1016
22863,ScholarsVanc,1016
22864,TJMFoundation,1016
22865,trigger_cutter,1016
22866,UnofficialQin,1016
22867,Amanda_CRPS,1017
22868,LetMeDiePleese,1017
22869,Evenifitkills,1018
22870,fjdkdjfjdjfjdjd,1018
22871,LivIzChicken,1018
22872,LouiseFranks7,1018
22873,mckinnda17,1018
22874,rec0ver_sl0wly,1018
22875,142_juliana,1019
22876,ElisabettaR,1019
22877,rgw18,1019
22878,BodywiseProgram,1020
22879,laughtersfine,1020
22880,MitchieT_LPT,1020
22881,mydarksidesays,1020
22882,sknybfly,1020
22883,stay_kidraulh,1020
22884,vanrosscharlot1,1020
22885,AmandaJN3_,1021
22886,halseycovers,1021
22887,miccookwu,1021
22888,colorfulpain,1023
22889,donzeladamorte,1023
22890,mentalfool,1023
22891,onceuponabook14,1023
22892,g3ntl3hugs,1024
22893,victoriadonez,1024
22894,drmalliaris,1025
22895,GunnJane,1025
22896,l0nelyunicorn,1025
22897,Celinah_rz,1026
22898,PainFight,1026
22899,ScarsWithAGirlx,1026
22900,eatingwutsdat,1027
22901,IrhsbabygirI,1027
22902,MendolaMarco,1027
22903,UglyWithScars,1027
22904,AnaOnMyWay,1028
22905,devils_love_u,1028
22906,Kirsten_Russell,1028
22907,livwithkids,1028
22908,pet_unicorn,1028
22909,SarahReyno45,1028
22910,fearpaintedevil,1029
22911,kaleigh__may,1029
22912,MyAddictions1,1029
22913,th1n_,1029
22914,Jeezuz__,1030
22915,jillgoodhew,1030
22916,LangstonChloe,1030
22917,LillLoca,1030
22918,lxbertines,1030
22919,Prettyf_cked,1030
22920,SassBelle4Eva,1030
22921,unbackwards,1030
22922,coonnnorrrr,1031
22923,DaBecus,1031
22924,heiiiguys,1032
22925,imokay_really,1032
22926,ItsGoinToBeOk,1032
22927,TheSuicidalHoe,1032
22928,TowerCancer,1032
22929,amcgp,1033
22930,BeingUnraveled,1033
22931,BulimicBlood,1033
22932,catalanpaulinee,1033
22933,Gisnelle,1033
22934,HATW_uk,1033
22935,TheAnxietyLife_,1033
22936,HSpencer65,1034
22937,Tantedwings,1034
22938,emilyrosedoer,1035
22939,IsobeleSerene,1035
22940,Sweet_Dstortion,1035
22941,AeriellSadovnik,1036
22942,EmBop4,1036
22943,exhalelifeless,1036
22944,gerrythered,1036
22945,pillsandpoetry,1036
22946,unique_casinova,1036
22947,AlzSocKing,1037
22948,anajb98,1037
22949,bbdoublehue,1037
22950,EmergencePlus,1037
22951,Juliet_Is_Gone,1037
22952,reece09mcguire3,1037
22953,anaslittlesec,1038
22954,kaiserief,1038
22955,LovatiicHeart,1038
22956,XxemofreakXx12,1038
22957,afsputah,1039
22958,suicidxlbxtch_,1039
22959,frickmeclifford,1040
22960,fxckmayday,1040
22961,HaaseWagonerhnn,1040
22962,halesmchalez,1040
22963,KimberOlson1,1040
22964,rando1655,1040
22965,Strxssed0017,1040
22966,cloudylouie,1041
22967,FreckleMcGee,1041
22968,AClock_Broken,1042
22969,Andypaulphill,1042
22970,original543210,1042
22971,talentlessbitch,1042
22972,Cheshireshrink,1043
22973,DepressedTeen_4,1043
22974,FemaIeNotes_,1043
22975,girl_recovery14,1043
22976,ItsChandler52,1043
22977,karynmillar,1043
22978,painfauhll,1043
22979,shattered_and,1043
22980,YouMatterMost,1043
22981,TurningPointMS,1044
22982,laurenb951,1045
22983,MurrayRaven,1045
22984,princessjadeaaa,1045
22985,AshleyDean2011,1046
22986,izzy2101,1046
22987,mrsmisabiersack,1046
22988,sillywillynarry,1046
22989,ElaMeliton,1047
22990,FatAndDeppresed,1047
22991,TheKarlKukumber,1047
22992,bstofgrumpycat,1048
22993,KatieEllis0823,1048
22994,knownasbrandy,1048
22995,sallouma28,1048
22996,tmjassociation,1048
22997,00Stardust00,1049
22998,andrearockme,1049
22999,dyingtoseebones,1049
23000,Iwanttodiex,1050
23001,pleasedontx,1050
23002,skinnyflesh,1050
23003,TstanAuthentic,1050
23004,Allisons_Diary,1051
23005,Allsignspointo,1051
23006,BlakeleeMcBey,1051
23007,hi_im_suicidal,1051
23008,IASP2015,1051
23009,mie_ahg,1051
23010,Selff_Harmer,1051
23011,SISsweetie,1051
23012,TheLionsBarbers,1051
23013,___sadn3ss,1052
23014,blink1241,1052
23015,KamaHiner,1052
23016,RobertKerin,1052
23017,irfanisakhan,1053
23018,Readytobegone8,1053
23019,timmahinkel,1053
23020,AnyThinToBeThin,1054
23021,GalsForCal,1054
23022,Miaesperfeccion,1054
23023,TheNeed4Skinny,1054
23024,Counselling_SC,1055
23025,LifeontheReal1,1055
23026,_jaffacakes,1056
23027,alaynacorrinesp,1056
23028,GrayOliv,1056
23029,MadonnaLongley,1056
23030,Stronglikebiebr,1056
23031,SuicideAndSex_,1056
23032,Warren_E_Mayer,1056
23033,ainindirah,1057
23034,dxpressedxx,1057
23035,EdelsteinSophie,1057
23036,l00singmyself,1057
23037,life_is_broken,1057
23038,4theluvofkevin,1058
23039,goblue214,1058
23040,olivandersmagic,1058
23041,poolofcrazy,1058
23042,T33AAY,1058
23043,Bulimiabarbie66,1059
23044,FailingEveryone,1059
23045,Happy_Go_Skinny,1059
23046,skinnymindful,1059
23047,JessieRhiannon,1060
23048,lostinmydespair,1060
23049,dustanddaisies,1061
23050,elhypno,1061
23051,HuggedByHoodies,1061
23052,ChyenneNinja,1062
23053,lifeisfxcked,1062
23054,UnicornLover143,1062
23055,Blueeejane1,1063
23056,BoydaDavid,1063
23057,Brain_Mind_News,1063
23058,CALMHQ,1063
23059,drjonlai,1063
23060,jizelle_karyme,1063
23061,sarahcut123,1064
23062,KarenRKoenig,1065
23063,LaserShow0351,1065
23064,SamiraPoirier,1065
23065,IamJunaidInam,1066
23066,4Mouna,1067
23067,forgetmysmile,1067
23068,IreneGial,1067
23069,proudofmrbiebs,1067
23070,Ratchet__Sass,1068
23071,sxlfdestruxt,1068
23072,verysadbunny,1068
23073,hay_s5,1069
23074,kendraBVB,1070
23075,liveonppl,1070
23076,MahoganyRedMovi,1070
23077,sabrinahazelden,1070
23078,AnnaleeMacrell,1071
23079,Drjanemcneill,1071
23080,laurachaiton,1071
23081,stripmeskinny,1071
23082,BPMichael,1072
23083,cassvince96,1072
23084,ebest2016,1072
23085,JuliaPorsche,1072
23086,paramournwaitin,1072
23087,Pomegranatekids,1072
23088,zhark0120,1072
23089,andresali666,1073
23090,CyberCarbon717,1073
23091,MigraineFreeLnz,1073
23092,outofyourlimitt,1073
23093,Werewolf5229,1073
23094,tobel0vely,1074
23095,ArtONeigh,1075
23096,dashrapp,1075
23097,JackieLafradez,1075
23098,superdadproject,1075
23099,thatoutsiderboy,1075
23100,_rissaaa_xoxo,1076
23101,AFSPHouston,1076
23102,BlanchaMacEvoy,1077
23103,iAlexanX,1077
23104,musicmondaysj,1077
23105,OdeliaJohananof,1077
23106,an0ther_one,1078
23107,FuckThaaSluts,1078
23108,suixidal_,1078
23109,dis0rdered,1079
23110,hungry_vogue,1079
23111,lruggie,1079
23112,1987_luci,1080
23113,ShadowX1200,1080
23114,xfuckeduprebelx,1080
23115,Journeysonline,1081
23116,KatN7,1081
23117,Potter15L,1081
23118,YaleOCDResearch,1081
23119,Day7Counseling,1082
23120,Im_dead_anyways,1082
23121,klintware,1082
23122,tryingcrying,1082
23123,auntievee15,1083
23124,clvoorhies,1083
23125,journeytobethin,1083
23126,motherhoodBK,1083
23127,urlbbe,1083
23128,carveandstarve,1084
23129,JoshBraden2,1084
23130,ScarsandBones,1084
23131,depressedlxve,1085
23132,EveryCutNumbsMe,1085
23133,RitalinDeath,1085
23134,Scarred_Boy,1085
23135,SharlaGrikhanov,1085
23136,healtheminds_,1086
23137,lone_depression,1086
23138,mclain_mollie,1086
23139,neabpd,1086
23140,stephanieee_mer,1086
23141,Constructed_Psy,1087
23142,dull_days,1087
23143,GymnasticChalk,1087
23144,MalikIsLife01,1087
23145,pandainvasjon,1087
23146,QuiveringSteele,1087
23147,TopatoNadVagry,1087
23148,tyler_kreitzer,1087
23149,AFSPGreaterMN,1088
23150,AutonomicGal,1088
23151,JustAnotherMia_,1088
23152,AtarahValentine,1089
23153,lifestarvation,1089
23154,odettegozonC,1089
23155,zerodaysstrong,1089
23156,BpGenetics,1090
23157,MrsKittenCat7,1090
23158,sagabyna,1090
23159,ugw_98lbs,1090
23160,ohcabaeo,1091
23161,25forTrevor,1092
23162,braindead_more,1092
23163,destifeels,1092
23164,EdwardRiku,1092
23165,hopewithinstorm,1092
23166,RileyLynne13,1092
23167,abbey_cean,1093
23168,AlbertGonzale95,1093
23169,AwakeInAmerica,1093
23170,HeartfeltSLE,1093
23171,Lou_Demic,1093
23172,MyChemicalJess_,1093
23173,plaguratsw14a,1093
23174,Toomuchtotake_,1093
23175,x_ddemilovato,1093
23176,DiamondLanguage,1094
23177,Sarrahlovescats,1094
23178,nochnoch,1095
23179,selfharm534,1095
23180,verna_terion,1095
23181,Beacon_Tree,1096
23182,nightingxlesong,1096
23183,real_thinspo,1096
23184,AbigaelGoggin,1097
23185,gabriell_i,1097
23186,geraldbouthner,1097
23187,paledxisey,1097
23188,_feelingweak,1099
23189,AleciaMicotti,1099
23190,kyohinokangae,1099
23191,MrsMc85,1099
23192,nobodyreallyk,1099
23193,SadandScars,1099
23194,TFTNYC,1099
23195,blueheart1399,1100
23196,ChapmanJuju,1100
23197,itsKristenright,1100
23198,Uhelpmeihelpu,1100
23199,Headoc1,1101
23200,hodgegolson,1101
23201,Itsfiinebyme,1101
23202,pro_skinny,1101
23203,sk1nnyordie,1101
23204,DrChristineAnnD,1102
23205,free2liv4ever,1102
23206,GarlicySavory,1102
23207,mindtricycle,1102
23208,akhuthera,1103
23209,BarryChessman,1103
23210,xxzachra,1103
23211,MarkForAmerica,1104
23212,doingit4dave,1105
23213,idk111112,1105
23214,mpcxrlos,1105
23215,OriginsRecovery,1105
23216,Directioner_723,1106
23217,PleaseLive,1106
23218,PrettyB0nes,1106
23219,pyschotic1,1106
23220,GirlBandConfess,1107
23221,jordynd_23,1107
23222,luluwannabe1,1107
23223,mxydaymendes,1107
23224,dangyvette,1108
23225,dinthelight,1108
23226,Mission22,1108
23227,theBokenSadGirl,1108
23228,joannaorozco16,1109
23229,vanesa_m1,1109
23230,yeathatsthetrio,1109
23231,DrBrusteinNYC,1110
23232,_Becca_Welch,1111
23233,bluna1213,1111
23234,Gabyy_Acuna,1111
23235,JedMair,1111
23236,lonelychildDW,1111
23237,jessiepintor15,1112
23238,Lapanthererosa,1112
23239,RoanneJannaway,1112
23240,TamarraMaurizot,1112
23241,WalshResearch,1112
23242,AnxResourCenter,1113
23243,fire77ice,1113
23244,taydrey,1113
23245,Thinn_Thoughts,1113
23246,lfrlyscks,1114
23247,Light_the_Wayy,1114
23248,fakinghappines,1115
23249,inspireALLPLZ,1115
23250,lovelybones150,1115
23251,MaytreeSavingLi,1115
23252,xxdeadmaria,1115
23253,brxkenprincess,1116
23254,LikeWhatThaHail,1116
23255,StepAsideSCD,1116
23256,tttectonic,1116
23257,veryfreshmeme,1116
23258,ashtonduhx,1117
23259,bag_of_b0nes,1117
23260,darkestmaggie,1117
23261,I_Eat_CalumHood,1117
23262,mika5sosfam1,1117
23263,QSBrainBank,1117
23264,SkinnySecret_xo,1117
23265,Destiny_kappers,1118
23266,Sad_Nostalgic,1118
23267,0xIsabellex0,1119
23268,bipolarsis,1119
23269,OleesiaP,1119
23270,AdolescentGrow,1120
23271,ChiTownCarlo,1120
23272,CissyBernfeld,1120
23273,CutsScarsBurns,1120
23274,Levi_Nakova_12,1120
23275,YarnBeforePharm,1120
23276,Imagenary_B0N3S,1121
23277,karalynnnxo,1121
23278,StoriedMind,1121
23279,thebleupills,1121
23280,FoxAndTheWolff,1122
23281,HurtWithSadness,1122
23282,dontregrettoday,1123
23283,DreamyTommy,1123
23284,Fvcked__Up,1123
23285,IamDepressedX,1123
23286,lukessecretgf,1123
23287,forbidden1tree,1124
23288,paulhades96,1124
23289,_TooMuchWeight,1125
23290,Melonygso,1125
23291,Onelove8J,1125
23292,ptsd_treatment,1125
23293,TheSucceedF,1125
23294,Kat5SOW,1126
23295,LimitedR7,1126
23296,lovelyloou,1126
23297,hara_jenna,1127
23298,mentorconnectED,1127
23299,moonlite67,1127
23300,scoobypoopypoo,1127
23301,AnnaLouise6,1128
23302,BHWRC,1128
23303,WorthlessGhost,1128
23304,ZoeHouston,1128
23305,be1ieveinbiebs,1129
23306,CantSt0pThis,1129
23307,CassellMoore,1129
23308,Kanyx313,1129
23309,rshipguru,1129
23310,samberlampss,1129
23311,SEMOBH,1129
23312,wishingskinny_,1129
23313,BonesandScars,1130
23314,ItsJustBent,1130
23315,notlivinanymore,1130
23316,stocklmsyndrmx,1130
23317,erikadelacrz,1131
23318,hideitsweetie,1131
23319,I4Families,1131
23320,LynScampi,1131
23321,O2L_LOVER123456,1131
23322,Syktglad,1131
23323,ajksbdgk,1132
23324,AnxietyRelax,1132
23325,CMcNamara_,1132
23326,Cutter_4Ever,1132
23327,mUdi23_,1132
23328,bipolarmums,1133
23329,defeatstigma,1133
23330,gracefullydying,1133
23331,helpquotess,1133
23332,iamcjberry,1133
23333,LifelineHunter,1133
23334,tazaaasaurous,1133
23335,150Allyson,1134
23336,Sa_raPreston,1134
23337,iasaittd,1135
23338,NEDC_Australia,1135
23339,suicidelife33,1135
23340,craveaffection,1136
23341,FdIntegra,1136
23342,gravelnuts,1136
23343,iRecoverySupp,1136
23344,Nunu380,1136
23345,TheMusicGirl131,1136
23346,lightwoond,1137
23347,Nate_s_Voice,1137
23348,analcunts,1138
23349,DianeticsLondon,1138
23350,jenniferfokk,1138
23351,kymraines,1138
23352,TemplesTantrum,1138
23353,LadyOfFaith135,1139
23354,seanuglyavenues,1139
23355,alonesoull,1140
23356,sunkensecrets,1140
23357,disconsolate__,1141
23358,JELLYSMOKE,1141
23359,Mama_blanca7,1141
23360,Music8877_,1141
23361,ajrahming,1142
23362,finding_souls,1142
23363,SecretBellas,1142
23364,DarlaCarmoney,1143
23365,ghosttdaisy,1143
23366,Mrsshortiesmind,1143
23367,futurefittie,1144
23368,htgawmendes,1145
23369,OOTB_Medway,1145
23370,ashtonsfagg,1146
23371,Bands_are_,1146
23372,iNeedToBeThin__,1146
23373,Alber_23,1147
23374,DepressionRm101,1147
23375,justxdisappear,1147
23376,TechoftheSelf,1147
23377,asdfghjklbyee,1148
23378,Bloody_Wrists73,1148
23379,fakesmileshere,1148
23380,Schizo_Ellie,1148
23381,stephenraval,1148
23382,aysahiscreepy,1149
23383,embaImer,1149
23384,lnterlvde,1149
23385,mummycharlie,1149
23386,Pierced_Heart20,1149
23387,ThePainProject,1149
23388,xbrontex,1149
23389,KyraHaugen,1150
23390,overcomerinside,1151
23391,skxxnybitxhs,1151
23392,ana_livesinme,1152
23393,Hold0nPainEnds,1152
23394,lexikarman,1152
23395,Mikey_is_a_,1152
23396,ZoFis,1152
23397,benniemartin,1153
23398,dear_headache,1153
23399,Elongo78,1153
23400,JTHM8,1153
23401,_emmalyne,1154
23402,BudduskySP,1154
23403,drdanpeters,1154
23404,LavatoNaasha,1154
23405,MyselfFree,1154
23406,FreakingAmyOut,1155
23407,HelpingYOU__,1155
23408,im_so_hurt__,1155
23409,try_to_recover,1155
23410,xsnzm22,1155
23411,AntovskiKaylynn,1156
23412,skinprobs,1156
23413,Suicidal_Fattie,1156
23414,0hanoek,1157
23415,Emz1d,1157
23416,imfoureveryours,1157
23417,pafos_suicide,1157
23418,feeding_futures,1158
23419,JLPansky,1158
23420,NoFuckCares,1158
23421,RIOH_Mb,1159
23422,SatansSon_Alex,1159
23423,beautyin_bones,1160
23424,JAcOB_TRoMM,1160
23425,literalyhemmo,1160
23426,starvingfailure,1160
23427,angrybirdzboii,1161
23428,InsectCop,1161
23429,leadinglight101,1161
23430,nobxdycares_,1161
23431,DanielleBB14Fan,1162
23432,MelissaCwater,1162
23433,regrxt,1162
23434,silverowlbones,1162
23435,thetryath,1162
23436,david305arenas,1163
23437,JustThatCool1,1163
23438,ScottSiddle,1163
23439,TakingOnAna_,1163
23440,MeeVanilla,1164
23441,unpsyche,1164
23442,EugeniaSouzeli,1165
23443,itsbetterniall,1165
23444,l0st_al0n3,1165
23445,raredisorders,1165
23446,ReneaIrene,1165
23447,adeleofTFC,1166
23448,darkhumorobs,1166
23449,eatbreathread,1166
23450,lifeunfurled,1166
23451,Fighting_Tough,1167
23452,JustEmptyx,1167
23453,kennetbabe_,1167
23454,CameronHelps,1168
23455,concealxd,1168
23456,golantern,1168
23457,Mona_Djr,1168
23458,OxJulbJb6vyG4sf,1168
23459,danielmotrea,1170
23460,Gabii_ATL_x,1170
23461,RecovRec,1170
23462,sad_anon_girl,1170
23463,youcanendure,1170
23464,drzeck,1171
23465,fusybupybim,1171
23466,pagan_EDaccount,1171
23467,BexsGB,1172
23468,rocky_rocky913,1172
23469,The_OneTit,1172
23470,alexkhanson,1173
23471,ClovelyD2,1173
23472,_br_ok_en__,1174
23473,BarbaraMonier,1174
23474,fxckdupbulimic,1174
23475,pavontefi,1174
23476,ragingmcvey,1174
23477,MindingYourMind,1175
23478,SayNoToAdipose,1175
23479,finefinelife,1176
23480,pxrxlyzed,1176
23481,BALTORM,1177
23482,RenIsAMonster,1177
23483,wonderlandcuts,1177
23484,_skinnyluv,1178
23485,BrittanyBrydahl,1178
23486,Browners90,1178
23487,LeighSeeksGod,1178
23488,predy_modafucka,1178
23489,afreena_nur,1179
23490,am_darey,1179
23491,crownmyweakness,1179
23492,FilippoBaldacci,1179
23493,iluvucalandash,1179
23494,SkinnyIsPretty4,1179
23495,xAndLiveOn,1179
23496,nbodykn0ws,1180
23497,OmegaCare,1180
23498,erikaraye,1181
23499,marl4na01,1181
23500,PD_chat,1181
23501,Starve_Cut_Die_,1181
23502,stoneandfield,1181
23503,anas_abyss,1182
23504,AvrilDjakovic,1182
23505,BoyWithBulimia,1182
23506,FemOIFVeteran,1182
23507,KidMechanix,1182
23508,Self_Harm__,1182
23509,MacklemoreFan_,1184
23510,maeroris,1184
23511,seesnothingatal,1184
23512,victimofbullyi1,1184
23513,alOne_br0ken,1185
23514,lex_the_only_1,1185
23515,PastoralHC,1185
23516,senselesstouch,1185
23517,writen2thelight,1185
23518,arianasjai_,1186
23519,nix_dark_angel,1186
23520,TriggerWarning_,1186
23521,Noel_11,1187
23522,tr0uble_96,1187
23523,suppressedsoul,1188
23524,_loove_hurts_,1189
23525,Cutter_Probs,1189
23526,EatingDisordrMA,1189
23527,kingdion302,1189
23528,MyfMaple,1189
23529,oliviarising,1189
23530,sadpetaIs,1189
23531,teenagebandlove,1189
23532,VodkaAndPrada,1189
23533,fuckbreathing,1190
23534,brandon_grades,1191
23535,GusellaAbletson,1191
23536,LaynieAnderson,1191
23537,prssur,1191
23538,tootsie318,1191
23539,adapt_EDA,1192
23540,anxietysucks,1192
23541,crowded_streets,1192
23542,JennyAJohnson,1192
23543,kyaabdua,1192
23544,London_Hypnosis,1192
23545,quietwaterscp,1192
23546,starvnchristian,1192
23547,ThisIsSarcasm_,1192
23548,fxckeduplolz,1193
23549,DynaHemmingway,1194
23550,plus1foundation,1194
23551,staciemay,1194
23552,baburaomdrk,1195
23553,hereforyou_xx,1195
23554,Imjustuglyyy,1195
23555,JDSalvatore,1195
23556,Misfit_99_bvb,1195
23557,jackispunk,1196
23558,SailorRain_,1196
23559,Tenderfootmum,1196
23560,TheWay1DWalks,1196
23561,Eileen_Dmoon,1197
23562,Residentrevil2,1197
23563,suicidxlgzrl,1197
23564,TabbyHolley,1197
23565,_itsrachelxox_,1198
23566,FreeHandSheff,1198
23567,CounselorTed,1199
23568,MonsterBadKid90,1199
23569,fuckngcuxts,1200
23570,gulaxeveria288,1200
23571,sadloser1,1200
23572,DeathByBinge,1201
23573,depressed_done,1201
23574,luna53063499,1201
23575,Vkillen28,1201
23576,wxrthless_liz,1201
23577,Kannagi_Noughi,1202
23578,lifewithout_ed,1202
23579,CarawayClinic,1203
23580,dreamboutselena,1203
23581,AliHougnou,1204
23582,depressbpbear,1204
23583,HeartOnTheMe1,1204
23584,ShirleyNealLPC,1204
23585,willbedeath__,1204
23586,defy_gravity97,1205
23587,flickeredswift,1205
23588,JayRichCanada,1205
23589,mhsparc,1205
23590,yrichard23,1205
23591,Dyintobeperfect,1206
23592,IreneK1990,1206
23593,McCannHealthLDN,1206
23594,rauhlslight,1206
23595,StayF1t,1206
23596,Dr_Daniel_J_Fox,1207
23597,DrLiz1,1207
23598,lerdiaine,1207
23599,_wintergirrl,1208
23600,craving_thin,1208
23601,I_elle_oh_vee_u,1208
23602,MDA_BC,1208
23603,TheRealJessi_S,1208
23604,Chincase123,1209
23605,DepreszedGirl96,1210
23606,Imma_LilCrazy,1210
23607,kvlsm_,1210
23608,makemeskinnyNOW,1210
23609,SadbutIsmile,1210
23610,suicidaltmntfan,1210
23611,tammyry63,1210
23612,5SOS_Fam_Life,1211
23613,Icy_Brunette_,1211
23614,markfrancisjc,1211
23615,ShakilAhmd1,1211
23616,chrystalbryeans,1212
23617,FaceThaLife,1212
23618,gaycounseling4u,1212
23619,here_to_help14,1212
23620,NeverFree3,1212
23621,Stella_Luth,1212
23622,Uniquesxul,1212
23623,BaldGuetta,1213
23624,Healthy_hypno,1213
23625,jbyogafit,1213
23626,Luke5Hayes,1213
23627,UnderUmbrellaEU,1213
23628,whosebob,1213
23629,Zoe_with2dots,1213
23630,GrahamHeadache,1214
23631,lynnhodges6,1214
23632,neurology32751,1214
23633,donecutter,1215
23634,Stop_SelfHarm16,1215
23635,ThisIsACOP,1215
23636,dearpjackson,1216
23637,EndlessCouragee,1216
23638,FragileAnaGirl,1216
23639,panicfreeme,1216
23640,PRETTYinPUNK182,1216
23641,71Muhd,1217
23642,alone_with_cuts,1217
23643,AxilaMisty,1217
23644,bodyimage360,1217
23645,DarrylDuke,1217
23646,UnlovedAndUgly,1217
23647,_Fake_A_Smile__,1218
23648,waitingfordxath,1218
23649,GlennDCohenMD,1219
23650,kidrauhlsgxrl,1219
23651,Kindrednutritio,1219
23652,kxyl4z,1219
23653,sadteenz,1219
23654,13emptyshells,1220
23655,extrubant5sos,1220
23656,nothingwillpass,1220
23657,Pianobliss2,1220
23658,raiinboww0rld,1220
23659,shyannmarie1429,1220
23660,blackdogpushups,1221
23661,JessieFlynn3,1221
23662,Strong_Tiger_,1221
23663,weirdbutfine,1221
23664,ardon_cindy,1222
23665,hayesmiler,1222
23666,delusionalist,1223
23667,esteisyd41,1223
23668,MarianneKerti,1223
23669,TinyBallerinaa,1223
23670,CherrieMoy,1224
23671,blaquetina,1225
23672,narcissisticjpg,1225
23673,RThinspo,1225
23674,xo_anaaddict,1225
23675,1letterproject,1226
23676,AloneDying,1226
23677,JasonMuir71,1226
23678,1DWarriorLovato,1227
23679,craigavonsams,1227
23680,DavinaW,1227
23681,Earth2Courtney_,1227
23682,FitKidKat,1227
23683,destinysolly,1228
23684,DrFranMeeten,1228
23685,junealexanderAU,1228
23686,_just_kill_me,1229
23687,amy_kate_xoxo,1229
23688,CharlesThe17th,1229
23689,devinlynch23,1229
23690,fat_lard_cow,1229
23691,RossReactFilms,1229
23692,LunaWillowdrake,1230
23693,Mari_riggs_TWD,1230
23694,modestcam,1230
23695,please_go_away_,1230
23696,DepressedOh,1231
23697,kristenbabe14,1231
23698,MichelleShisler,1231
23699,surviveED,1231
23700,aichmo_phobia,1232
23701,EastHouseNY,1232
23702,gabblianne,1232
23703,hellintoxicate,1232
23704,hrsdstry,1232
23705,YouAbandonedUs,1232
23706,flowertahtsme,1233
23707,jimdogart,1233
23708,cuovrliavm,1235
23709,fuckedupp_,1235
23710,tiny_twiglet,1235
23711,trollsatan666,1235
23712,NoDays_Off,1236
23713,ParkCenterNash,1236
23714,Bleach_Brain,1237
23715,bbroken777,1238
23716,gwynolwyn,1238
23717,LadyLilikan,1238
23718,ZayneWorthless,1238
23719,lsdoylejr,1239
23720,mustbexthin,1239
23721,tristansarmy,1239
23722,biel090,1240
23723,depressivescars,1240
23724,theblooddrips,1240
23725,bellissimabones,1241
23726,FedericaDells,1241
23727,pxtheticfxtty,1241
23728,xMindinPiecesx,1241
23729,Freedomfromana,1242
23730,_marshmellow2,1243
23731,sadlostconfused,1243
23732,LuciliaBrands,1244
23733,MYCS1,1244
23734,HauntingMark,1245
23735,Be_alright190,1246
23736,punkasslucas,1246
23737,sadisticteen,1246
23738,ZeAwesomeGilB,1246
23739,brok3npaperdoll,1247
23740,iamLorenaa,1247
23741,possibilities17,1247
23742,princynomad,1247
23743,dpfan4evr,1248
23744,Biospyche,1249
23745,bojanaag,1249
23746,Ivegottissues,1249
23747,jonny2436,1249
23748,suicidalfreek,1249
23749,NLOdepression,1250
23750,W4LKINTHEPARK,1250
23751,LittleFighter0,1251
23752,Nameless_Face_,1251
23753,_be_fearlesss,1252
23754,anavieyra7,1252
23755,kittyqatz,1252
23756,SetSetzer,1252
23757,T_Elephant_ITR,1252
23758,tryingrecovery,1253
23759,YouWontBeAlone_,1253
23760,MrXtinaAguilera,1254
23761,nxvice,1254
23762,Psychoshawn_,1254
23763,Rebel2947,1254
23764,rhuzzleeSakura,1254
23765,fvckbois,1255
23766,SFSuicide,1255
23767,jocelyn_moraw,1256
23768,justsuicidalme1,1256
23769,karen__chapman,1256
23770,Venaxxxx,1256
23771,xashtonsdjmples,1256
23772,_thethin,1257
23773,BSDSM,1257
23774,Cheyenn88750275,1257
23775,directi44276276,1257
23776,megfarnell,1257
23777,TOP_UK_National,1257
23778,washedawayyyy,1257
23779,dorrtammy,1258
23780,PurdyGirl6969,1258
23781,autumndelusions,1259
23782,CaseyDiaries,1259
23783,JackieDaLima,1259
23784,thatgirlwhocant,1259
23785,TheSadScientist,1259
23786,iwasborn2diee,1260
23787,ToBrokenToBreak,1260
23788,fatimasohail1D,1261
23789,Kylee8123,1261
23790,_5sos_5sos_,1262
23791,Cathsaoirse,1262
23792,guydirectioneri,1262
23793,perfectlytrying,1262
23794,caitlinbvblove,1263
23795,depresionblog,1263
23796,OCDNews,1263
23797,STILLTERRYTHELF,1263
23798,tylerwig7162001,1263
23799,Mis_Fitz123,1264
23800,Suicidal_kids,1264
23801,tlynne32,1264
23802,brettmoore17,1265
23803,EverdeenFlame,1265
